<?xml version="1.0" encoding="utf-8"?>
<!DOCTYPE nta PUBLIC '-//Uppaal Team//DTD Flat System 1.1//EN' 'http://www.it.uu.se/research/group/darts/uppaal/flat-1_1.dtd'>
<nta>
	<declaration>// Place global declarations here.


</declaration>
	<template>
		<name x="5" y="5">Property</name>
		<declaration>clock x;
chan a;
chan b;</declaration>
		<location id="id0" x="-352" y="-312">
			<name x="-360" y="-320">L0</name>
		</location>
		<location id="id1" x="-352" y="-64">
			<name x="-360" y="-72">L1</name>
		</location>
		<location id="id2" x="-40" y="-80">
			<name x="-50" y="-110">L2</name>
		</location>
		<location id="id3" x="216" y="-88">
			<name x="206" y="-118">L3</name>
		</location>
		<location id="id4" x="416" y="-88">
			<name x="408" y="-96">Final_NA</name>
		</location>
		<init ref="id0"/>
		<transition>
			<source ref="id0"/>
			<target ref="id0"/>
			<label kind="synchronisation" x="-304" y="-352">b?</label>
			<nail x="-382" y="-342"/>
			<nail x="-322" y="-342"/>
			<nail x="-272" y="-328"/>
		</transition>
		<transition>
			<source ref="id0"/>
			<target ref="id0"/>
			<label kind="guard" x="-412" y="-342">x&gt;=10</label>
			<label kind="synchronisation" x="-392" y="-328">a?</label>
			<label kind="assignment" x="-412" y="-312">x=0</label>
			<nail x="-382" y="-342"/>
			<nail x="-322" y="-342"/>
		</transition>
		<transition>
			<source ref="id0"/>
			<target ref="id1"/>
			<label kind="guard" x="-384" y="-216">x&lt;10</label>
			<label kind="synchronisation" x="-376" y="-200">a?</label>
		</transition>
		<transition>
			<source ref="id1"/>
			<target ref="id1"/>
			<label kind="synchronisation" x="-392" y="-8">b?</label>
			<nail x="-392" y="-32"/>
			<nail x="-344" y="8"/>
		</transition>
		<transition>
			<source ref="id1"/>
			<target ref="id0"/>
			<label kind="guard" x="-528" y="-208">x&gt;=10</label>
			<label kind="synchronisation" x="-512" y="-192">a?</label>
			<label kind="assignment" x="-504" y="-176">x=0</label>
			<nail x="-496" y="-200"/>
		</transition>
		<transition>
			<source ref="id1"/>
			<target ref="id2"/>
			<label kind="guard" x="-200" y="-64">x&lt;10</label>
			<label kind="synchronisation" x="-224" y="-64">a?</label>
		</transition>
		<transition>
			<source ref="id2"/>
			<target ref="id2"/>
			<label kind="synchronisation" x="-48" y="-16">b?</label>
			<nail x="-56" y="-16"/>
			<nail x="-62" y="-22"/>
			<nail x="-2" y="-22"/>
		</transition>
		<transition>
			<source ref="id2"/>
			<target ref="id0"/>
			<label kind="guard" x="-246" y="-208">x&gt;=10</label>
			<label kind="synchronisation" x="-246" y="-193">a?</label>
			<label kind="assignment" x="-246" y="-178">x=0</label>
		</transition>
		<transition>
			<source ref="id2"/>
			<target ref="id3"/>
			<label kind="guard" x="40" y="-80">x&lt;10</label>
			<label kind="synchronisation" x="16" y="-80">a?</label>
		</transition>
		<transition>
			<source ref="id3"/>
			<target ref="id3"/>
			<label kind="synchronisation" x="208" y="-144">b?</label>
			<nail x="186" y="-118"/>
			<nail x="246" y="-118"/>
		</transition>
		<transition>
			<source ref="id3"/>
			<target ref="id0"/>
			<label kind="guard" x="-16" y="-256">x&gt;=10</label>
			<label kind="synchronisation" x="-24" y="-288">a?</label>
			<label kind="assignment" x="-24" y="-272">x=0</label>
			<nail x="-40" y="-256"/>
		</transition>
		<transition>
			<source ref="id3"/>
			<target ref="id4"/>
			<label kind="guard" x="288" y="-80">x&lt;10</label>
			<label kind="synchronisation" x="288" y="-112">a?</label>
		</transition>
		<transition>
			<source ref="id4"/>
			<target ref="id4"/>
			<label kind="synchronisation" x="416" y="-144">b?</label>
			<nail x="386" y="-118"/>
			<nail x="446" y="-118"/>
		</transition>
		<transition>
			<source ref="id4"/>
			<target ref="id4"/>
			<label kind="synchronisation" x="358" y="-17">a?</label>
			<nail x="388" y="-32"/>
			<nail x="448" y="-32"/>
		</transition>
	</template>
	<system>// Place template instantiations here.
Process1 = Property();



// List one or more processes to be composed into a system.
system Process1;</system>
</nta>
