<?xml version="1.0" encoding="utf-8"?><!DOCTYPE nta PUBLIC '-//Uppaal Team//DTD Flat System 1.1//EN' 'http://www.it.uu.se/research/group/darts/uppaal/flat-1_1.dtd'><nta><declaration>// Place global declarations here.

clock x;
clock y;
chan R;
chan G;
chan A;</declaration><template><name x="5" y="5">Property</name><declaration>// Place local declarations here.
</declaration><location id="id0" x="368" y="96"><name x="360" y="88">S2</name></location><location id="id1" x="544" y="-56"><name x="536" y="-64">S1</name></location><location id="id2" x="216" y="-56"><name x="208" y="-64">S0</name></location><init ref="id2"/><transition><source ref="id1"/><target ref="id0"/><label kind="guard" x="560" y="24">x&lt;15 or x&gt;20</label><label kind="synchronisation" x="592" y="8">R?</label><nail x="552" y="64"/></transition><transition><source ref="id0"/><target ref="id0"/><label kind="synchronisation" x="448" y="128">A?</label><nail x="432" y="144"/><nail x="432" y="104"/></transition><transition><source ref="id0"/><target ref="id0"/><label kind="synchronisation" x="384" y="144">R?</label><nail x="384" y="136"/><nail x="400" y="136"/></transition><transition><source ref="id0"/><target ref="id0"/><label kind="synchronisation" x="328" y="136">G?</label><nail x="336" y="144"/><nail x="368" y="136"/></transition><transition><source ref="id1"/><target ref="id1"/><label kind="synchronisation" x="544" y="-136">A?</label><nail x="504" y="-120"/><nail x="592" y="-112"/></transition><transition><source ref="id1"/><target ref="id0"/><label kind="synchronisation" x="464" y="24">G?</label><nail x="496" y="40"/></transition><transition><source ref="id2"/><target ref="id0"/><label kind="synchronisation" x="240" y="32">R?</label><nail x="296" y="80"/></transition><transition><source ref="id1"/><target ref="id2"/><label kind="guard" x="312" y="-32">x&gt;=15 and x&lt;=20</label><label kind="synchronisation" x="360" y="-8">R?</label><label kind="assignment" x="368" y="8">x=0</label><nail x="360" y="24"/></transition><transition><source ref="id2"/><target ref="id2"/><label kind="synchronisation" x="156" y="-71">A?</label><nail x="144" y="-56"/><nail x="168" y="-16"/></transition><transition><source ref="id2"/><target ref="id1"/><label kind="synchronisation" x="360" y="-88">G?</label><label kind="assignment" x="352" y="-72">x=0</label></transition></template><template><name>Run</name><location id="id3" x="-128" y="-16"></location><location id="id4" x="-264" y="-16"><name x="-274" y="-46">L0</name></location><init ref="id4"/><transition><source ref="id4"/><target ref="id3"/><label kind="guard" x="-216" y="-48">y&gt;=5</label><label kind="synchronisation" x="-208" y="-32">R!</label><label kind="assignment" x="-216" y="-16">y=0</label></transition></template><system>// Place template instantiations here.
Process1 = Property();
Process2 = Run();
// List one or more processes to be composed into a system.
system Process1, Process2;</system></nta>