<?xml version="1.0" encoding="utf-8"?><!DOCTYPE nta PUBLIC '-//Uppaal Team//DTD Flat System 1.1//EN' 'http://www.it.uu.se/research/group/darts/uppaal/flat-1_1.dtd'><nta><declaration>// Place global declarations here.


</declaration><template><name x="5" y="5">Property</name><declaration>clock x;
chan a;
chan b;</declaration><location id="id0" x="-968" y="-184"><name x="-978" y="-214">L0</name></location><location id="id1" x="-632" y="-616"><name x="-656" y="-632">NAcc</name></location><location id="id2" x="-768" y="-192"><name x="-776" y="-208">L1</name></location><location id="id3" x="-544" y="-192"><name x="-552" y="-200">L2</name></location><location id="id4" x="-288" y="-192"><name x="-298" y="-222">L3</name></location><location id="id5" x="-390" y="-10"><name x="-456" y="-16">Final_Acc</name></location><init ref="id0"/><transition><source ref="id1"/><target ref="id1"/><label kind="synchronisation" x="-592" y="-656">a?</label><nail x="-662" y="-646"/><nail x="-602" y="-646"/><nail x="-560" y="-624"/></transition><transition><source ref="id1"/><target ref="id1"/><label kind="synchronisation" x="-640" y="-664">b?</label><nail x="-662" y="-646"/><nail x="-602" y="-646"/></transition><transition><source ref="id0"/><target ref="id1"/><label kind="synchronisation" x="-848" y="-392">b?</label></transition><transition><source ref="id0"/><target ref="id2"/><label kind="synchronisation" x="-864" y="-216">a?</label></transition><transition><source ref="id2"/><target ref="id1"/><label kind="synchronisation" x="-736" y="-384">b?</label></transition><transition><source ref="id2"/><target ref="id3"/><label kind="synchronisation" x="-696" y="-216">a?</label></transition><transition><source ref="id3"/><target ref="id1"/><label kind="synchronisation" x="-608" y="-376">b?</label></transition><transition><source ref="id3"/><target ref="id4"/><label kind="synchronisation" x="-456" y="-224">a?</label><label kind="assignment" x="-432" y="-216">x=0</label></transition><transition><source ref="id4"/><target ref="id1"/><label kind="synchronisation" x="-240" y="-520">a?</label><nail x="-240" y="-528"/></transition><transition><source ref="id4"/><target ref="id1"/><label kind="guard" x="-440" y="-416">x&lt;6</label><label kind="synchronisation" x="-456" y="-440">b?</label></transition><transition><source ref="id5"/><target ref="id5"/><label kind="synchronisation" x="-400" y="24">a?</label><nail x="-420" y="-40"/><nail x="-360" y="-40"/><nail x="-376" y="48"/></transition><transition><source ref="id5"/><target ref="id5"/><label kind="synchronisation" x="-288" y="-24">b?</label><nail x="-420" y="-40"/><nail x="-360" y="-40"/><nail x="-280" y="-32"/><nail x="-328" y="32"/></transition><transition><source ref="id4"/><target ref="id5"/><label kind="guard" x="-368" y="-144">x&gt;=6</label><label kind="synchronisation" x="-352" y="-160">b?</label><nail x="-320" y="-144"/><nail x="-320" y="-144"/></transition></template><system>// Place template instantiations here.
Process1 = Property();



// List one or more processes to be composed into a system.
system Process1;</system></nta>