<?xml version="1.0" encoding="utf-8"?><!DOCTYPE nta PUBLIC '-//Uppaal Team//DTD Flat System 1.1//EN' 'http://www.it.uu.se/research/group/darts/uppaal/flat-1_1.dtd'><nta><declaration>// Place global declarations here.


</declaration><template><name x="5" y="5">Property</name><declaration>clock x;
chan a;
chan b;</declaration><location id="id0" x="-760" y="-264"><name x="-770" y="-294">L0</name></location><location id="id1" x="-384" y="-492"><name x="-416" y="-504">NAcc</name></location><location id="id2" x="-360" y="-264"><name x="-370" y="-294">L1</name></location><location id="id3" x="-64" y="-240"><name x="-74" y="-270">L2</name></location><location id="id4" x="272" y="-200"><name x="262" y="-230">L3</name></location><init ref="id0"/><transition><source ref="id1"/><target ref="id1"/><label kind="synchronisation" x="-320" y="-544">a?</label><nail x="-414" y="-522"/><nail x="-328" y="-552"/><nail x="-320" y="-504"/></transition><transition><source ref="id1"/><target ref="id1"/><label kind="synchronisation" x="-360" y="-536">b?</label><nail x="-414" y="-522"/><nail x="-354" y="-522"/></transition><transition><source ref="id0"/><target ref="id2"/><label kind="synchronisation" x="-536" y="-288">a?</label><nail x="-736" y="-264"/><nail x="-680" y="-264"/></transition><transition><source ref="id0"/><target ref="id1"/><label kind="synchronisation" x="-632" y="-432">b?</label><nail x="-616" y="-400"/></transition><transition><source ref="id2"/><target ref="id3"/><label kind="synchronisation" x="-256" y="-280">a?</label></transition><transition><source ref="id2"/><target ref="id1"/><label kind="synchronisation" x="-360" y="-368">b?</label></transition><transition><source ref="id3"/><target ref="id4"/><label kind="synchronisation" x="40" y="-264">a?</label><nail x="88" y="-232"/></transition><transition><source ref="id3"/><target ref="id1"/><label kind="synchronisation" x="-200" y="-368">b?</label></transition><transition><source ref="id4"/><target ref="id0"/><label kind="guard" x="-280" y="-184">x&gt;=5</label><label kind="synchronisation" x="-312" y="-184">b?</label><nail x="-232" y="-184"/></transition><transition><source ref="id4"/><target ref="id4"/><label kind="synchronisation" x="280" y="-256">a?</label><nail x="242" y="-230"/><nail x="302" y="-230"/></transition><transition><source ref="id4"/><target ref="id1"/><label kind="guard" x="-128" y="-416">x&lt;5</label><label kind="synchronisation" x="-120" y="-432">b?</label></transition></template><system>// Place template instantiations here.
Process1 = Property();



// List one or more processes to be composed into a system.
system Process1;</system></nta>