<?xml version="1.0" encoding="utf-8"?>
<!DOCTYPE nta PUBLIC "-//Uppaal Team//DTD Flat System 1.1//EN" "http://www.it.uu.se/research/group/darts/uppaal/flat-1_1.dtd">
<nta>
  <declaration>// Place global declarations here.

clock x;
clock y;
clock z;

chan a;
chan b;


</declaration>
    <template>
    <name x="5" y="5">Safety1</name>
    
    <declaration>// Place local declarations here.
</declaration>
    
    <location id="id0" x="-472" y="-632">
      <name x="-482" y="-662">Final</name>
      
      
      
      
    </location>

    <location id="id1" x="-648" y="-632">
      <name x="-656" y="-640">IL</name>
      
      
      
      
    </location>
    
    <init ref="id1" />
    
    <transition>
      <source ref="id0" />
      <target ref="id0" />
      
      
      <label kind="synchronisation" x="-408" y="-656">b?</label>
      
      
    <nail x="-424" y="-648" />

    <nail x="-400" y="-624" />
    </transition>

    <transition>
      <source ref="id0" />
      <target ref="id0" />
      
      
      <label kind="synchronisation" x="-464" y="-584">a?</label>
      
      
    <nail x="-480" y="-584" />

    <nail x="-432" y="-584" />
    </transition>

    <transition>
      <source ref="id1" />
      <target ref="id1" />
      
      <label kind="guard" x="-688" y="-600">x&lt;5</label>
      <label kind="synchronisation" x="-688" y="-585">b?</label>
      
      
    <nail x="-652" y="-530" />

    <nail x="-604" y="-530" />
    </transition>

    <transition>
      <source ref="id1" />
      <target ref="id1" />
      
      
      <label kind="synchronisation" x="-708" y="-647">a?</label>
      
      
    <nail x="-712" y="-672" />

    <nail x="-656" y="-672" />
    </transition>

    <transition>
      <source ref="id1" />
      <target ref="id0" />
      
      <label kind="guard" x="-620" y="-662">x&gt;=5</label>
      <label kind="synchronisation" x="-620" y="-647">b?</label>
      
      
    </transition>
  </template>
  <template>
    <name x="5" y="5">Safety2</name>
    
    <declaration></declaration>
    
    <location id="id2" x="-2472" y="-1280">
      <name x="-2482" y="-1310">Final</name>
      
      
      
      
    </location>

    <location id="id3" x="-2672" y="-1280">
      <name x="-2680" y="-1288">IL</name>
      
      
      
      
    </location>
    
    <init ref="id3" />
    
    <transition>
      <source ref="id2" />
      <target ref="id2" />
      
      
      <label kind="synchronisation" x="-2472" y="-1232">b?</label>
      
      
    <nail x="-2480" y="-1232" />

    <nail x="-2448" y="-1232" />
    </transition>

    <transition>
      <source ref="id2" />
      <target ref="id2" />
      
      
      <label kind="synchronisation" x="-2424" y="-1264">a?</label>
      
      
    <nail x="-2400" y="-1280" />

    <nail x="-2408" y="-1264" />

    <nail x="-2464" y="-1272" />
    </transition>

    <transition>
      <source ref="id3" />
      <target ref="id3" />
      
      <label kind="guard" x="-2680" y="-1232">y&lt;10</label>
      <label kind="synchronisation" x="-2688" y="-1216">a?</label>
      
      
    <nail x="-2688" y="-1240" />

    <nail x="-2656" y="-1240" />
    </transition>

    <transition>
      <source ref="id3" />
      <target ref="id3" />
      
      
      <label kind="synchronisation" x="-2712" y="-1312">b?</label>
      
      
    <nail x="-2720" y="-1328" />

    <nail x="-2672" y="-1320" />
    </transition>

    <transition>
      <source ref="id3" />
      <target ref="id2" />
      
      <label kind="guard" x="-2632" y="-1310">y&gt;=10</label>
      <label kind="synchronisation" x="-2632" y="-1299">a?</label>
      
      
    <nail x="-2600" y="-1280" />
    </transition>
  </template>
  <template>
    <name x="5" y="5">TA_Intersection</name>
    
    <declaration>// Place local declarations here.

</declaration>
    
    <location id="Final0" x="0" y="0">
      <name >Final0</name>
      
      
      
      
    </location>

    <location id="FinalIL" x="0" y="0">
      <name >FinalIL</name>
      
      
      
      
    </location>

    <location id="ILFinal" x="0" y="0">
      <name >ILFinal</name>
      
      
      
      
    </location>

    <location id="ILIL" x="0" y="0">
      <name >ILIL</name>
      
      
      
      
    </location>
    
    <init ref="ILIL" />
    
    <transition>
      <source ref="Final0" />
      <target ref="Final0" />
      
      
      <label kind="synchronisation">b?</label>
      
      
    </transition>

    <transition>
      <source ref="FinalIL" />
      <target ref="FinalIL" />
      
      
      <label kind="synchronisation">b?</label>
      
      
    </transition>

    <transition>
      <source ref="Final0" />
      <target ref="Final0" />
      
      
      <label kind="synchronisation">a?</label>
      
      
    </transition>

    <transition>
      <source ref="FinalIL" />
      <target ref="FinalIL" />
      
      <label kind="guard">y&lt;10</label>
      <label kind="synchronisation">a?</label>
      
      
    </transition>

    <transition>
      <source ref="FinalIL" />
      <target ref="Final0" />
      
      <label kind="guard">y&gt;=10</label>
      <label kind="synchronisation">a?</label>
      
      
    </transition>

    <transition>
      <source ref="ILFinal" />
      <target ref="ILFinal" />
      
      <label kind="guard">x&lt;5</label>
      <label kind="synchronisation">b?</label>
      
      
    </transition>

    <transition>
      <source ref="ILIL" />
      <target ref="ILIL" />
      
      <label kind="guard">x&lt;5</label>
      <label kind="synchronisation">b?</label>
      
      
    </transition>

    <transition>
      <source ref="ILFinal" />
      <target ref="ILFinal" />
      
      
      <label kind="synchronisation">a?</label>
      
      
    </transition>

    <transition>
      <source ref="ILIL" />
      <target ref="ILIL" />
      
      <label kind="guard">y&lt;10</label>
      <label kind="synchronisation">a?</label>
      
      
    </transition>

    <transition>
      <source ref="ILIL" />
      <target ref="ILFinal" />
      
      <label kind="guard">y&gt;=10</label>
      <label kind="synchronisation">a?</label>
      
      
    </transition>

    <transition>
      <source ref="ILFinal" />
      <target ref="Final0" />
      
      <label kind="guard">x&gt;=5</label>
      <label kind="synchronisation">b?</label>
      
      
    </transition>

    <transition>
      <source ref="ILIL" />
      <target ref="FinalIL" />
      
      <label kind="guard">x&gt;=5</label>
      <label kind="synchronisation">b?</label>
      
      
    </transition>
  </template>

  <system>// Place template instantiations here.
Process1 = Safety1();
Process2 = Safety2();


// List one or more processes to be composed into a system.
system Process1, Process2;</system>
</nta>