<?xml version="1.0" encoding="utf-8"?>
<!DOCTYPE nta PUBLIC '-//Uppaal Team//DTD Flat System 1.1//EN' 'http://www.it.uu.se/research/group/darts/uppaal/flat-1_1.dtd'>
<nta>
	<declaration>// Place global declarations here.


</declaration>
	<template>
		<name x="5" y="5">Property</name>
		<declaration>clock x;
clock y;

chan a;
chan b;
chan c;
</declaration>
		<location id="id0" x="-784" y="-192">
			<name x="-794" y="-222">L0</name>
		</location>
		<init ref="id0"/>
	</template>
	<system>// Place template instantiations here.
Process1 = Property();



// List one or more processes to be composed into a system.
system Process1;</system>
</nta>
