<?xml version="1.0" encoding="utf-8"?>
<!DOCTYPE nta PUBLIC "-//Uppaal Team//DTD Flat System 1.1//EN" "http://www.it.uu.se/research/group/darts/uppaal/flat-1_1.dtd">
<nta>
  <declaration>// Place global declarations here.


</declaration>
    <template>
    <name x="5" y="5">Property</name>
    
    <declaration>clock x;
chan a,c,d;
chan z,x,y;</declaration>
    
    <location id="id0" x="-784" y="-192">
      <name x="-794" y="-222">L0</name>
      
      
      
      
    </location>

    <location id="id1" x="-684" y="-192">
      <name >L1</name>
      
      
      
      
    </location>

    <location id="id2" x="-584" y="-192">
      <name >L2</name>
      
      
      
      
    </location>

    <location id="id3" x="-484" y="-192">
      <name >L3</name>
      
      
      
      
    </location>

    <location id="id4" x="-384" y="-192">
      <name >L4</name>
      
      
      
      
    </location>

    <location id="id5" x="-284" y="-192">
      <name >L5</name>
      
      
      
      
    </location>

    <location id="Final_NA6" x="-184" y="-192">
      <name >Final_NA</name>
      
      
      
      
    </location>
    
    <init ref="id0" />
    
    <transition>
      <source ref="id0" />
      <target ref="id0" />
      
      
      <label kind="synchronisation">z,x,y?</label>
      
      
    </transition>

    <transition>
      <source ref="id0" />
      <target ref="id0" />
      
      <label kind="guard">x&gt;=3</label>
      <label kind="synchronisation">a,c,d?</label>
      <label kind="assignment">x=0</label>
      
    </transition>

    <transition>
      <source ref="id0" />
      <target ref="id1" />
      
      <label kind="guard">x&lt;3</label>
      <label kind="synchronisation">a,c,d?</label>
      
      
    </transition>

    <transition>
      <source ref="id1" />
      <target ref="id1" />
      
      
      <label kind="synchronisation">z,x,y?</label>
      
      
    </transition>

    <transition>
      <source ref="id1" />
      <target ref="id0" />
      
      <label kind="guard">x&gt;=3</label>
      <label kind="synchronisation">a,c,d?</label>
      <label kind="assignment">x=0</label>
      
    </transition>

    <transition>
      <source ref="id1" />
      <target ref="id2" />
      
      <label kind="guard">x&lt;3</label>
      <label kind="synchronisation">a,c,d?</label>
      
      
    </transition>

    <transition>
      <source ref="id2" />
      <target ref="id2" />
      
      
      <label kind="synchronisation">z,x,y?</label>
      
      
    </transition>

    <transition>
      <source ref="id2" />
      <target ref="id0" />
      
      <label kind="guard">x&gt;=3</label>
      <label kind="synchronisation">a,c,d?</label>
      <label kind="assignment">x=0</label>
      
    </transition>

    <transition>
      <source ref="id2" />
      <target ref="id3" />
      
      <label kind="guard">x&lt;3</label>
      <label kind="synchronisation">a,c,d?</label>
      
      
    </transition>

    <transition>
      <source ref="id3" />
      <target ref="id3" />
      
      
      <label kind="synchronisation">z,x,y?</label>
      
      
    </transition>

    <transition>
      <source ref="id3" />
      <target ref="id0" />
      
      <label kind="guard">x&gt;=3</label>
      <label kind="synchronisation">a,c,d?</label>
      <label kind="assignment">x=0</label>
      
    </transition>

    <transition>
      <source ref="id3" />
      <target ref="id4" />
      
      <label kind="guard">x&lt;3</label>
      <label kind="synchronisation">a,c,d?</label>
      
      
    </transition>

    <transition>
      <source ref="id4" />
      <target ref="id4" />
      
      
      <label kind="synchronisation">z,x,y?</label>
      
      
    </transition>

    <transition>
      <source ref="id4" />
      <target ref="id0" />
      
      <label kind="guard">x&gt;=3</label>
      <label kind="synchronisation">a,c,d?</label>
      <label kind="assignment">x=0</label>
      
    </transition>

    <transition>
      <source ref="id4" />
      <target ref="id5" />
      
      <label kind="guard">x&lt;3</label>
      <label kind="synchronisation">a,c,d?</label>
      
      
    </transition>

    <transition>
      <source ref="id5" />
      <target ref="id5" />
      
      
      <label kind="synchronisation">z,x,y?</label>
      
      
    </transition>

    <transition>
      <source ref="id5" />
      <target ref="id0" />
      
      <label kind="guard">x&gt;=3</label>
      <label kind="synchronisation">a,c,d?</label>
      <label kind="assignment">x=0</label>
      
    </transition>

    <transition>
      <source ref="id5" />
      <target ref="Final_NA6" />
      
      <label kind="guard">x&lt;3</label>
      <label kind="synchronisation">a,c,d?</label>
      
      
    </transition>

    <transition>
      <source ref="Final_NA6" />
      <target ref="Final_NA6" />
      
      
      <label kind="synchronisation">z,x,y?</label>
      
      
    </transition>

    <transition>
      <source ref="Final_NA6" />
      <target ref="Final_NA6" />
      
      
      <label kind="synchronisation">a,c,d?</label>
      
      
    </transition>
  </template>

  <system>// Place template instantiations here.
Process1 = Property();



// List one or more processes to be composed into a system.
system Process1;</system>
</nta>