<?xml version="1.0" encoding="utf-8"?>
<!DOCTYPE nta PUBLIC '-//Uppaal Team//DTD Flat System 1.1//EN' 'http://www.it.uu.se/research/group/darts/uppaal/flat-1_1.dtd'>
<nta>
	<declaration>// Place global declarations here.

clock x;
clock y;
chan R;
chan G;
</declaration>
	<template>
		<name x="5" y="5">Property</name>
		<declaration>// Place local declarations here.
</declaration>
		<location id="id0" x="1248" y="-56">
			<name x="1240" y="-64">S2</name>
		</location>
		<location id="id1" x="1056" y="-56">
			<name x="1046" y="-86">Bad</name>
		</location>
		<location id="id2" x="896" y="-56">
			<name x="886" y="-86">Bad</name>
		</location>
		<location id="id3" x="720" y="-56">
			<name x="710" y="-86">Bad</name>
		</location>
		<location id="id4" x="584" y="-56">
			<name x="574" y="-86">Bad</name>
		</location>
		<location id="id5" x="648" y="112">
			<name x="638" y="82">Bad</name>
		</location>
		<location id="id6" x="448" y="-56">
			<name x="438" y="-86">Bad</name>
		</location>
		<location id="id7" x="288" y="-56">
			<name x="278" y="-86">Bad</name>
		</location>
		<init ref="id7"/>
		<transition>
			<source ref="id0"/>
			<target ref="id0"/>
			<label kind="synchronisation" x="1288" y="-16">R?</label>
			<nail x="1312" y="-40"/>
			<nail x="1272" y="-8"/>
		</transition>
		<transition>
			<source ref="id0"/>
			<target ref="id0"/>
			<label kind="synchronisation" x="1280" y="-104">G?</label>
			<nail x="1264" y="-104"/>
			<nail x="1304" y="-72"/>
		</transition>
		<transition>
			<source ref="id1"/>
			<target ref="id5"/>
			<label kind="guard" x="848" y="40">x&lt;20</label>
			<label kind="synchronisation" x="816" y="48">G?</label>
		</transition>
		<transition>
			<source ref="id2"/>
			<target ref="id5"/>
			<label kind="synchronisation" x="752" y="8">G?</label>
		</transition>
		<transition>
			<source ref="id3"/>
			<target ref="id5"/>
			<label kind="synchronisation" x="664" y="8">G?</label>
		</transition>
		<transition>
			<source ref="id4"/>
			<target ref="id5"/>
			<label kind="synchronisation" x="584" y="8">G?</label>
		</transition>
		<transition>
			<source ref="id6"/>
			<target ref="id5"/>
			<label kind="synchronisation" x="488" y="13">G?</label>
		</transition>
		<transition>
			<source ref="id1"/>
			<target ref="id0"/>
			<label kind="guard" x="1092" y="-86">x&lt;=10</label>
			<label kind="synchronisation" x="1092" y="-71">G?</label>
		</transition>
		<transition>
			<source ref="id2"/>
			<target ref="id1"/>
			<label kind="synchronisation" x="916" y="-71">R?</label>
		</transition>
		<transition>
			<source ref="id3"/>
			<target ref="id2"/>
			<label kind="synchronisation" x="748" y="-71">R?</label>
		</transition>
		<transition>
			<source ref="id4"/>
			<target ref="id3"/>
			<label kind="synchronisation" x="592" y="-71">R?</label>
		</transition>
		<transition>
			<source ref="id6"/>
			<target ref="id4"/>
			<label kind="synchronisation" x="456" y="-71">R?</label>
			<nail x="472" y="-56"/>
		</transition>
		<transition>
			<source ref="id7"/>
			<target ref="id7"/>
			<label kind="synchronisation" x="228" y="-71">G?</label>
			<nail x="216" y="-56"/>
			<nail x="240" y="-16"/>
		</transition>
		<transition>
			<source ref="id5"/>
			<target ref="id5"/>
			<label kind="synchronisation" x="664" y="168">G?</label>
			<nail x="648" y="176"/>
			<nail x="688" y="152"/>
		</transition>
		<transition>
			<source ref="id5"/>
			<target ref="id5"/>
			<label kind="synchronisation" x="600" y="160">R?</label>
			<nail x="592" y="144"/>
			<nail x="624" y="168"/>
		</transition>
		<transition>
			<source ref="id7"/>
			<target ref="id6"/>
			<label kind="synchronisation" x="308" y="-71">R?</label>
			<nail x="392" y="-56"/>
			<nail x="400" y="-56"/>
		</transition>
	</template>
	<template>
		<name>Run</name>
		<location id="id8" x="-128" y="-16">
		</location>
		<location id="id9" x="-264" y="-16">
			<name x="-274" y="-46">L0</name>
		</location>
		<init ref="id9"/>
		<transition>
			<source ref="id9"/>
			<target ref="id8"/>
			<label kind="guard" x="-216" y="-48">y&gt;=5</label>
			<label kind="synchronisation" x="-208" y="-32">R!</label>
			<label kind="assignment" x="-216" y="-16">y=0</label>
		</transition>
	</template>
	<system>// Place template instantiations here.
Process1 = Property();
Process2 = Run();
// List one or more processes to be composed into a system.
system Process1, Process2;</system>
</nta>
