<?xml version="1.0" encoding="utf-8"?>
<!DOCTYPE nta PUBLIC '-//Uppaal Team//DTD Flat System 1.1//EN' 'http://www.it.uu.se/research/group/darts/uppaal/flat-1_1.dtd'>
<nta>
	<declaration>// Place global declarations here.

clock x;
clock y;

chan a;
chan b;
chan c;

</declaration>
	<template>
		<name x="5" y="5">Property</name>
		<declaration>// Place local declarations here.
</declaration>
		<location id="id0" x="-104" y="-288">
			<name x="-112" y="-296">Bad</name>
		</location>
		<location id="id1" x="-360" y="-288">
			<name x="-368" y="-296">S1</name>
		</location>
		<location id="id2" x="-104" y="-96">
			<name x="-112" y="-104">Bad</name>
		</location>
		<init ref="id1"/>
		<transition>
			<source ref="id1"/>
			<target ref="id2"/>
			<label kind="synchronisation" x="-372" y="-251">b?</label>
			<nail x="-264" y="-184"/>
		</transition>
		<transition>
			<source ref="id0"/>
			<target ref="id2"/>
			<label kind="synchronisation" x="-24" y="-208">a?</label>
			<nail x="-24" y="-192"/>
		</transition>
		<transition>
			<source ref="id0"/>
			<target ref="id1"/>
			<label kind="guard" x="-272" y="-288">x&gt;=15&amp;&amp;x&lt;=20</label>
			<label kind="synchronisation" x="-240" y="-248">b?</label>
			<label kind="assignment" x="-248" y="-272">x=0</label>
			<nail x="-240" y="-248"/>
		</transition>
		<transition>
			<source ref="id2"/>
			<target ref="id2"/>
			<label kind="synchronisation" x="-56" y="-96">c?</label>
			<nail x="-56" y="-104"/>
			<nail x="-64" y="-80"/>
		</transition>
		<transition>
			<source ref="id2"/>
			<target ref="id2"/>
			<label kind="synchronisation" x="-164" y="-111">b?</label>
			<nail x="-160" y="-120"/>
			<nail x="-160" y="-88"/>
		</transition>
		<transition>
			<source ref="id2"/>
			<target ref="id2"/>
			<label kind="synchronisation" x="-120" y="-72">a?</label>
			<nail x="-128" y="-64"/>
			<nail x="-88" y="-64"/>
		</transition>
		<transition>
			<source ref="id0"/>
			<target ref="id0"/>
			<label kind="synchronisation" x="-48" y="-344">c?</label>
			<nail x="-64" y="-344"/>
			<nail x="-40" y="-312"/>
		</transition>
		<transition>
			<source ref="id1"/>
			<target ref="id1"/>
			<label kind="synchronisation" x="-416" y="-336">c?</label>
			<nail x="-408" y="-320"/>
			<nail x="-336" y="-336"/>
		</transition>
		<transition>
			<source ref="id0"/>
			<target ref="id2"/>
			<label kind="guard" x="-104" y="-208">x&lt;15&amp;&amp;x&gt;20</label>
			<label kind="synchronisation" x="-96" y="-192">b?</label>
		</transition>
		<transition>
			<source ref="id1"/>
			<target ref="id0"/>
			<label kind="guard" x="-256" y="-384">x&lt;5</label>
			<label kind="synchronisation" x="-256" y="-400">a?</label>
			<nail x="-248" y="-360"/>
		</transition>
	</template>
	<system>// Place template instantiations here.
Process1 = Property();



// List one or more processes to be composed into a system.
system Process1;</system>
</nta>
