<?xml version="1.0" encoding="utf-8"?><!DOCTYPE nta PUBLIC '-//Uppaal Team//DTD Flat System 1.1//EN' 'http://www.it.uu.se/research/group/darts/uppaal/flat-1_1.dtd'><nta><declaration>// Place global declarations here.

clock x;
clock y;

chan a;
chan b;
chan c;

</declaration><template><name x="5" y="5">Property</name><declaration>// Place local declarations here.
</declaration><location id="id0" x="-144" y="264"><name x="-152" y="256">S26</name></location><location id="id1" x="48" y="272"><name x="38" y="242">S29</name></location><location id="id2" x="248" y="280"><name x="238" y="250">S30</name></location><location id="id3" x="480" y="264"><name x="470" y="234">S31</name></location><location id="id4" x="712" y="264"><name x="702" y="234">S32</name></location><location id="id5" x="712" y="136"><name x="696" y="128">S25</name></location><location id="id6" x="456" y="128"><name x="446" y="98">S24</name></location><location id="id7" x="232" y="136"><name x="222" y="106">S23</name></location><location id="id8" x="24" y="136"><name x="14" y="106">S22</name></location><location id="id9" x="-320" y="240"><name x="-328" y="224">S21</name></location><location id="id10" x="-152" y="-32"><name x="-160" y="-40">S20</name></location><location id="id11" x="72" y="-32"><name x="64" y="-40">S19</name></location><location id="id12" x="328" y="-24"><name x="312" y="-32">S18</name></location><location id="id13" x="544" y="-24"><name x="528" y="-32">S17</name></location><location id="id14" x="792" y="-32"><name x="776" y="-40">S16</name></location><location id="id15" x="792" y="-144"><name x="776" y="-152">S15</name></location><location id="id16" x="536" y="-144"><name x="520" y="-152">S14</name></location><location id="id17" x="320" y="-144"><name x="304" y="-152">S13</name></location><location id="id18" x="72" y="-144"><name x="64" y="-152">S12</name></location><location id="id19" x="-184" y="-144"><name x="-208" y="-160">S1</name></location><location id="id20" x="-80" y="400"><name x="-88" y="392">S3</name></location><init ref="id19"/><transition><source ref="id1"/><target ref="id19"/><label kind="guard" x="-128" y="34">x&gt;=5</label><label kind="synchronisation" x="-128" y="49">c?</label><nail x="-152" y="96"/></transition><transition><source ref="id2"/><target ref="id19"/><label kind="guard" x="-28" y="38">x&gt;=5</label><label kind="synchronisation" x="-28" y="53">c?</label><nail x="-136" y="88"/></transition><transition><source ref="id3"/><target ref="id19"/><label kind="guard" x="88" y="30">x&gt;=5</label><label kind="synchronisation" x="88" y="45">c?</label><nail x="-80" y="96"/></transition><transition><source ref="id4"/><target ref="id19"/><label kind="guard" x="204" y="30">x&gt;=5</label><label kind="synchronisation" x="204" y="45">c?</label><nail x="-120" y="32"/></transition><transition><source ref="id9"/><target ref="id19"/><label kind="guard" x="-344" y="8">x&gt;=5</label><label kind="synchronisation" x="-344" y="24">c?</label><nail x="-344" y="40"/></transition><transition><source ref="id8"/><target ref="id19"/><label kind="guard" x="-140" y="-34">x&gt;=5</label><label kind="synchronisation" x="-140" y="-19">c?</label><nail x="-104" y="24"/></transition><transition><source ref="id7"/><target ref="id19"/><label kind="guard" x="-36" y="-34">x&gt;=5</label><label kind="synchronisation" x="-36" y="-19">c?</label><nail x="-88" y="16"/></transition><transition><source ref="id6"/><target ref="id19"/><label kind="guard" x="76" y="-38">x&gt;=5</label><label kind="synchronisation" x="76" y="-23">c?</label><nail x="-48" y="8"/></transition><transition><source ref="id5"/><target ref="id19"/><label kind="guard" x="204" y="-34">x&gt;=5</label><label kind="synchronisation" x="204" y="-19">c?</label><nail x="-16" y="0"/></transition><transition><source ref="id10"/><target ref="id19"/></transition><transition><source ref="id11"/><target ref="id19"/><label kind="guard" x="-116" y="-118">x&gt;=5</label><label kind="synchronisation" x="-116" y="-103">c?</label><nail x="-160" y="-112"/></transition><transition><source ref="id12"/><target ref="id19"/><label kind="guard" x="12" y="-114">x&gt;=5</label><label kind="synchronisation" x="12" y="-99">c?</label><nail x="304" y="-32"/><nail x="-136" y="-120"/></transition><transition><source ref="id13"/><target ref="id19"/><label kind="guard" x="120" y="-114">x&gt;=5</label><label kind="synchronisation" x="120" y="-99">c?</label><nail x="-8" y="-104"/></transition><transition><source ref="id14"/><target ref="id19"/><label kind="guard" x="244" y="-118">x&gt;=5</label><label kind="synchronisation" x="244" y="-103">c?</label><nail x="80" y="-112"/></transition><transition><source ref="id15"/><target ref="id19"/><label kind="guard" x="280" y="-344">x&gt;=5</label><label kind="synchronisation" x="312" y="-328">c?</label><nail x="112" y="-368"/></transition><transition><source ref="id16"/><target ref="id19"/><label kind="guard" x="184" y="-288">x&gt;=5</label><label kind="synchronisation" x="168" y="-296">c?</label><nail x="112" y="-328"/></transition><transition><source ref="id17"/><target ref="id19"/><label kind="guard" x="40" y="-240">x&gt;=5</label><label kind="synchronisation" x="24" y="-256">c?</label><nail x="16" y="-264"/></transition><transition><source ref="id18"/><target ref="id19"/><label kind="guard" x="-72" y="-208">x&gt;=5</label><label kind="synchronisation" x="-40" y="-192">c?</label><nail x="-64" y="-216"/></transition><transition><source ref="id0"/><target ref="id0"/><label kind="synchronisation" x="-192" y="272">b?</label><nail x="-184" y="272"/><nail x="-168" y="288"/></transition><transition><source ref="id0"/><target ref="id0"/><label kind="synchronisation" x="-112" y="216">a?</label><nail x="-128" y="216"/><nail x="-96" y="240"/></transition><transition><source ref="id1"/><target ref="id1"/><label kind="synchronisation" x="64" y="216">a?</label><nail x="40" y="240"/><nail x="64" y="232"/></transition><transition><source ref="id1"/><target ref="id1"/><label kind="synchronisation" x="16" y="224">b?</label><nail x="8" y="248"/><nail x="24" y="240"/></transition><transition><source ref="id2"/><target ref="id2"/><label kind="synchronisation" x="248" y="224">a?</label><nail x="248" y="248"/><nail x="272" y="240"/></transition><transition><source ref="id2"/><target ref="id2"/><label kind="synchronisation" x="216" y="240">b?</label><nail x="216" y="264"/><nail x="232" y="240"/></transition><transition><source ref="id3"/><target ref="id3"/><label kind="synchronisation" x="512" y="216">a?</label><nail x="496" y="224"/><nail x="520" y="240"/></transition><transition><source ref="id3"/><target ref="id3"/><label kind="synchronisation" x="448" y="216">b?</label><nail x="448" y="240"/><nail x="472" y="232"/></transition><transition><source ref="id4"/><target ref="id4"/><label kind="synchronisation" x="736" y="240">a?</label><nail x="736" y="240"/><nail x="744" y="272"/></transition><transition><source ref="id4"/><target ref="id4"/><label kind="synchronisation" x="712" y="304">b?</label><nail x="704" y="304"/><nail x="728" y="296"/></transition><transition><source ref="id5"/><target ref="id5"/><label kind="synchronisation" x="744" y="104">b?</label><nail x="736" y="104"/><nail x="752" y="136"/></transition><transition><source ref="id5"/><target ref="id5"/><label kind="synchronisation" x="688" y="96">a?</label><nail x="688" y="112"/><nail x="712" y="104"/></transition><transition><source ref="id6"/><target ref="id6"/><label kind="synchronisation" x="488" y="72">b?</label><nail x="480" y="72"/><nail x="496" y="104"/></transition><transition><source ref="id6"/><target ref="id6"/><label kind="synchronisation" x="400" y="72">a?</label><nail x="400" y="104"/><nail x="432" y="88"/><nail x="448" y="120"/><nail x="448" y="120"/></transition><transition><source ref="id7"/><target ref="id7"/><label kind="synchronisation" x="256" y="96">b?</label><nail x="248" y="96"/><nail x="272" y="112"/></transition><transition><source ref="id7"/><target ref="id7"/><label kind="synchronisation" x="200" y="88">a?</label><nail x="200" y="112"/><nail x="224" y="96"/></transition><transition><source ref="id8"/><target ref="id8"/><label kind="synchronisation" x="56" y="88">b?</label><nail x="40" y="96"/><nail x="64" y="112"/></transition><transition><source ref="id8"/><target ref="id8"/><label kind="synchronisation" x="-8" y="80">a?</label><nail x="-8" y="104"/><nail x="16" y="96"/></transition><transition><source ref="id9"/><target ref="id9"/><label kind="synchronisation" x="-280" y="184">a?</label><nail x="-288" y="200"/><nail x="-272" y="208"/></transition><transition><source ref="id9"/><target ref="id9"/><label kind="synchronisation" x="-312" y="264">b?</label><nail x="-320" y="280"/><nail x="-296" y="288"/></transition><transition><source ref="id0"/><target ref="id20"/><label kind="guard" x="-172" y="302">x&lt;5</label><label kind="synchronisation" x="-172" y="317">c?</label></transition><transition><source ref="id0"/><target ref="id19"/><label kind="guard" x="-280" y="72">x&gt;=5</label><label kind="synchronisation" x="-272" y="16">c?</label><nail x="-232" y="56"/></transition><transition><source ref="id1"/><target ref="id0"/><label kind="guard" x="-108" y="238">x&lt;5</label><label kind="synchronisation" x="-108" y="253">c?</label></transition><transition><source ref="id2"/><target ref="id1"/><label kind="guard" x="88" y="246">x&lt;5</label><label kind="synchronisation" x="88" y="261">c?</label></transition><transition><source ref="id3"/><target ref="id2"/><label kind="guard" x="304" y="242">x&lt;5</label><label kind="synchronisation" x="304" y="257">c?</label></transition><transition><source ref="id4"/><target ref="id3"/><label kind="guard" x="536" y="234">x&lt;5</label><label kind="synchronisation" x="584" y="240">c?</label></transition><transition><source ref="id5"/><target ref="id4"/><label kind="guard" x="652" y="170">x&lt;5</label><label kind="synchronisation" x="652" y="185">c?</label></transition><transition><source ref="id6"/><target ref="id5"/><label kind="guard" x="524" y="102">x&lt;5</label><label kind="synchronisation" x="524" y="117">c?</label></transition><transition><source ref="id7"/><target ref="id6"/><label kind="guard" x="284" y="102">x&lt;5</label><label kind="synchronisation" x="284" y="117">c?</label></transition><transition><source ref="id8"/><target ref="id7"/><label kind="guard" x="68" y="106">x&lt;5</label><label kind="synchronisation" x="68" y="121">c?</label></transition><transition><source ref="id9"/><target ref="id8"/><label kind="guard" x="-128" y="106">x&lt;5</label><label kind="synchronisation" x="-128" y="121">c?</label></transition><transition><source ref="id10"/><target ref="id9"/><label kind="guard" x="-200" y="32">x&lt;5</label><label kind="synchronisation" x="-184" y="48">c?</label><nail x="-208" y="144"/></transition><transition><source ref="id10"/><target ref="id10"/><label kind="synchronisation" x="-104" y="-8">a?</label><nail x="-128" y="8"/><nail x="-112" y="-16"/></transition><transition><source ref="id10"/><target ref="id10"/><label kind="synchronisation" x="-160" y="8">b?</label><nail x="-176" y="8"/><nail x="-144" y="8"/></transition><transition><source ref="id11"/><target ref="id11"/><label kind="synchronisation" x="40" y="-80">b?</label><nail x="96" y="8"/><nail x="112" y="-8"/></transition><transition><source ref="id11"/><target ref="id11"/><label kind="synchronisation" x="96" y="0">a?</label><nail x="32" y="-56"/><nail x="56" y="-72"/></transition><transition><source ref="id12"/><target ref="id12"/><label kind="synchronisation" x="328" y="8">b?</label><nail x="320" y="16"/><nail x="344" y="8"/></transition><transition><source ref="id12"/><target ref="id12"/><label kind="synchronisation" x="296" y="-72">a?</label><nail x="288" y="-56"/><nail x="320" y="-72"/></transition><transition><source ref="id13"/><target ref="id13"/><label kind="synchronisation" x="568" y="8">b?</label><nail x="552" y="24"/><nail x="576" y="8"/></transition><transition><source ref="id13"/><target ref="id13"/><label kind="synchronisation" x="504" y="-88">a?</label><nail x="528" y="-80"/><nail x="512" y="-64"/></transition><transition><source ref="id14"/><target ref="id14"/><label kind="synchronisation" x="800" y="0">b?</label><nail x="816" y="0"/><nail x="800" y="8"/></transition><transition><source ref="id14"/><target ref="id14"/><label kind="synchronisation" x="824" y="-56">a?</label><nail x="832" y="-48"/><nail x="848" y="-24"/></transition><transition><source ref="id11"/><target ref="id10"/><label kind="guard" x="-100" y="-62">x&lt;5</label><label kind="synchronisation" x="-32" y="-56">c?</label></transition><transition><source ref="id12"/><target ref="id11"/><label kind="guard" x="140" y="-58">x&lt;5</label><label kind="synchronisation" x="208" y="-48">c?</label></transition><transition><source ref="id13"/><target ref="id12"/><label kind="guard" x="376" y="-54">x&lt;5</label><label kind="synchronisation" x="376" y="-39">c?</label></transition><transition><source ref="id14"/><target ref="id13"/><label kind="guard" x="608" y="-58">x&lt;5</label><label kind="synchronisation" x="608" y="-43">c?</label></transition><transition><source ref="id15"/><target ref="id14"/><label kind="guard" x="732" y="-118">x&lt;5</label><label kind="synchronisation" x="808" y="-104">c?</label></transition><transition><source ref="id15"/><target ref="id15"/><label kind="synchronisation" x="832" y="-176">b?</label><nail x="824" y="-184"/><nail x="840" y="-144"/></transition><transition><source ref="id15"/><target ref="id15"/><label kind="synchronisation" x="776" y="-208">a?</label><nail x="768" y="-184"/><nail x="800" y="-192"/></transition><transition><source ref="id16"/><target ref="id16"/><label kind="synchronisation" x="488" y="-192">a?</label><nail x="496" y="-168"/><nail x="512" y="-192"/></transition><transition><source ref="id16"/><target ref="id16"/><label kind="synchronisation" x="544" y="-200">b?</label><nail x="536" y="-200"/><nail x="568" y="-184"/></transition><transition><source ref="id17"/><target ref="id17"/><label kind="synchronisation" x="344" y="-208">b?</label><nail x="336" y="-200"/><nail x="360" y="-176"/></transition><transition><source ref="id17"/><target ref="id17"/><label kind="synchronisation" x="280" y="-200">a?</label><nail x="272" y="-184"/><nail x="304" y="-200"/></transition><transition><source ref="id16"/><target ref="id15"/><label kind="guard" x="604" y="-174">x&lt;5</label><label kind="synchronisation" x="648" y="-160">c?</label></transition><transition><source ref="id17"/><target ref="id16"/><label kind="guard" x="368" y="-174">x&lt;5</label><label kind="synchronisation" x="424" y="-168">c?</label></transition><transition><source ref="id18"/><target ref="id17"/><label kind="guard" x="136" y="-174">x&lt;5</label><label kind="synchronisation" x="192" y="-168">c?</label><nail x="240" y="-144"/></transition><transition><source ref="id20"/><target ref="id20"/><label kind="synchronisation" x="-32" y="400">c?</label><nail x="-32" y="392"/><nail x="-40" y="416"/></transition><transition><source ref="id20"/><target ref="id20"/><label kind="synchronisation" x="-140" y="385">b?</label><nail x="-136" y="376"/><nail x="-136" y="408"/></transition><transition><source ref="id20"/><target ref="id20"/><label kind="synchronisation" x="-96" y="424">a?</label><nail x="-104" y="432"/><nail x="-64" y="432"/></transition><transition><source ref="id18"/><target ref="id18"/><label kind="synchronisation" x="104" y="-208">b?</label><nail x="104" y="-200"/><nail x="120" y="-168"/></transition><transition><source ref="id19"/><target ref="id19"/><label kind="synchronisation" x="-244" y="-159">b?</label><nail x="-232" y="-136"/><nail x="-216" y="-88"/></transition><transition><source ref="id18"/><target ref="id18"/><label kind="synchronisation" x="56" y="-208">a?</label><nail x="40" y="-192"/><nail x="88" y="-184"/></transition><transition><source ref="id19"/><target ref="id19"/><label kind="synchronisation" x="-240" y="-192">a?</label><nail x="-232" y="-176"/><nail x="-160" y="-192"/></transition><transition><source ref="id19"/><target ref="id18"/><label kind="synchronisation" x="-112" y="-168">c?</label><label kind="assignment" x="-72" y="-168">x=0</label></transition></template><template><name x="5" y="5">Run</name><location id="id21" x="-440" y="-104"></location><location id="id22" x="-616" y="-104"><name x="-626" y="-134">L0</name></location><init ref="id22"/><transition><source ref="id22"/><target ref="id21"/><label kind="guard" x="-588" y="-138">y&gt;=3</label><label kind="synchronisation" x="-588" y="-123">a!</label><label kind="assignment" x="-588" y="-108">y=0</label></transition></template><system>// Place template instantiations here.
Process1 = Property();

Process2 = Run();

// List one or more processes to be composed into a system.
system Process1, Process2;</system></nta>