<?xml version="1.0" encoding="utf-8"?><!DOCTYPE nta PUBLIC '-//Uppaal Team//DTD Flat System 1.1//EN' 'http://www.it.uu.se/research/group/darts/uppaal/flat-1_1.dtd'><nta><declaration>// Place global declarations here.

clock x;
clock y;

chan a;
chan b;
chan c;

</declaration><template><name x="5" y="5">Property</name><declaration>// Place local declarations here.
</declaration><location id="id0" x="88" y="136"><name x="80" y="128">S20</name></location><location id="id1" x="72" y="-32"><name x="64" y="-40">S19</name></location><location id="id2" x="328" y="-24"><name x="312" y="-32">S18</name></location><location id="id3" x="544" y="-24"><name x="528" y="-32">S17</name></location><location id="id4" x="792" y="-32"><name x="782" y="-62">S16</name></location><location id="id5" x="792" y="-144"><name x="776" y="-152">S15</name></location><location id="id6" x="536" y="-144"><name x="520" y="-152">S14</name></location><location id="id7" x="320" y="-144"><name x="304" y="-152">S13</name></location><location id="id8" x="72" y="-144"><name x="64" y="-152">S12</name></location><location id="id9" x="-184" y="-144"><name x="-192" y="-152">S1</name></location><location id="id10" x="760" y="120"><name x="752" y="112">S3</name></location><init ref="id9"/><transition><source ref="id7"/><target ref="id9"/><label kind="guard" x="56" y="-264">x&gt;=5</label><label kind="synchronisation" x="56" y="-248">c?</label><nail x="80" y="-272"/></transition><transition><source ref="id8"/><target ref="id9"/><label kind="guard" x="-48" y="-192">x&gt;=5</label><label kind="synchronisation" x="-72" y="-192">c?</label><nail x="-32" y="-208"/></transition><transition><source ref="id1"/><target ref="id9"/><label kind="guard" x="-116" y="-118">x&gt;=5</label><label kind="synchronisation" x="-116" y="-103">c?</label><nail x="-40" y="-88"/></transition><transition><source ref="id2"/><target ref="id9"/><label kind="guard" x="12" y="-114">x&gt;=5</label><label kind="synchronisation" x="12" y="-99">c?</label><nail x="64" y="-104"/></transition><transition><source ref="id3"/><target ref="id9"/><label kind="guard" x="160" y="-120">x&gt;=5</label><label kind="synchronisation" x="184" y="-96">c?</label><nail x="208" y="-112"/></transition><transition><source ref="id4"/><target ref="id9"/><label kind="guard" x="368" y="-128">x&gt;=5</label><label kind="synchronisation" x="336" y="-128">c?</label><nail x="392" y="-128"/></transition><transition><source ref="id5"/><target ref="id9"/><label kind="guard" x="248" y="-312">x&gt;=5</label><label kind="synchronisation" x="208" y="-312">c?</label><nail x="48" y="-336"/></transition><transition><source ref="id6"/><target ref="id9"/><label kind="guard" x="160" y="-288">x&gt;=5</label><label kind="synchronisation" x="136" y="-296">c?</label><nail x="96" y="-304"/></transition><transition><source ref="id0"/><target ref="id0"/><label kind="synchronisation" x="136" y="160">a?</label><nail x="112" y="176"/><nail x="128" y="152"/></transition><transition><source ref="id0"/><target ref="id0"/><label kind="synchronisation" x="80" y="176">b?</label><nail x="64" y="176"/><nail x="96" y="176"/></transition><transition><source ref="id1"/><target ref="id1"/><label kind="synchronisation" x="12" y="-47">b?</label><nail x="96" y="8"/><nail x="112" y="-8"/></transition><transition><source ref="id1"/><target ref="id1"/><label kind="synchronisation" x="96" y="0">a?</label><nail x="32" y="-56"/><nail x="56" y="-72"/></transition><transition><source ref="id2"/><target ref="id2"/><label kind="synchronisation" x="328" y="8">b?</label><nail x="320" y="16"/><nail x="344" y="8"/></transition><transition><source ref="id2"/><target ref="id2"/><label kind="synchronisation" x="296" y="-72">a?</label><nail x="288" y="-56"/><nail x="320" y="-72"/></transition><transition><source ref="id3"/><target ref="id3"/><label kind="synchronisation" x="568" y="8">b?</label><nail x="552" y="24"/><nail x="576" y="8"/></transition><transition><source ref="id3"/><target ref="id3"/><label kind="synchronisation" x="504" y="-88">a?</label><nail x="528" y="-80"/><nail x="512" y="-64"/></transition><transition><source ref="id4"/><target ref="id4"/><label kind="synchronisation" x="800" y="0">b?</label><nail x="816" y="0"/><nail x="800" y="8"/></transition><transition><source ref="id4"/><target ref="id4"/><label kind="synchronisation" x="824" y="-56">a?</label><nail x="832" y="-48"/><nail x="848" y="-24"/></transition><transition><source ref="id0"/><target ref="id10"/><label kind="guard" x="364" y="98">x&lt;5</label><label kind="synchronisation" x="364" y="113">c?</label></transition><transition><source ref="id0"/><target ref="id9"/><label kind="guard" x="-108" y="-34">x&gt;=5</label><label kind="synchronisation" x="-108" y="-19">c?</label></transition><transition><source ref="id1"/><target ref="id0"/><label kind="guard" x="80" y="40">x&lt;5</label><label kind="synchronisation" x="88" y="64">c?</label></transition><transition><source ref="id2"/><target ref="id1"/><label kind="guard" x="140" y="-58">x&lt;5</label><label kind="synchronisation" x="208" y="-48">c?</label></transition><transition><source ref="id3"/><target ref="id2"/><label kind="guard" x="376" y="-54">x&lt;5</label><label kind="synchronisation" x="376" y="-39">c?</label></transition><transition><source ref="id4"/><target ref="id3"/><label kind="guard" x="608" y="-58">x&lt;5</label><label kind="synchronisation" x="608" y="-43">c?</label></transition><transition><source ref="id5"/><target ref="id4"/><label kind="guard" x="744" y="-112">x&lt;5</label><label kind="synchronisation" x="820" y="-90">c?</label></transition><transition><source ref="id5"/><target ref="id5"/><label kind="synchronisation" x="832" y="-176">b?</label><nail x="824" y="-184"/><nail x="840" y="-144"/></transition><transition><source ref="id5"/><target ref="id5"/><label kind="synchronisation" x="776" y="-208">a?</label><nail x="768" y="-184"/><nail x="800" y="-192"/></transition><transition><source ref="id6"/><target ref="id6"/><label kind="synchronisation" x="488" y="-192">a?</label><nail x="496" y="-168"/><nail x="512" y="-192"/></transition><transition><source ref="id6"/><target ref="id6"/><label kind="synchronisation" x="544" y="-200">b?</label><nail x="536" y="-200"/><nail x="568" y="-184"/></transition><transition><source ref="id7"/><target ref="id7"/><label kind="synchronisation" x="344" y="-208">b?</label><nail x="336" y="-200"/><nail x="360" y="-176"/></transition><transition><source ref="id7"/><target ref="id7"/><label kind="synchronisation" x="280" y="-200">a?</label><nail x="272" y="-184"/><nail x="304" y="-200"/></transition><transition><source ref="id6"/><target ref="id5"/><label kind="guard" x="604" y="-174">x&lt;5</label><label kind="synchronisation" x="648" y="-160">c?</label></transition><transition><source ref="id7"/><target ref="id6"/><label kind="guard" x="368" y="-174">x&lt;5</label><label kind="synchronisation" x="424" y="-168">c?</label></transition><transition><source ref="id8"/><target ref="id7"/><label kind="guard" x="160" y="-168">x&lt;5</label><label kind="synchronisation" x="144" y="-168">c?</label><nail x="240" y="-144"/></transition><transition><source ref="id10"/><target ref="id10"/><label kind="synchronisation" x="808" y="120">c?</label><nail x="808" y="112"/><nail x="800" y="136"/></transition><transition><source ref="id10"/><target ref="id10"/><label kind="synchronisation" x="700" y="105">b?</label><nail x="704" y="96"/><nail x="704" y="128"/></transition><transition><source ref="id10"/><target ref="id10"/><label kind="synchronisation" x="744" y="144">a?</label><nail x="736" y="152"/><nail x="776" y="152"/></transition><transition><source ref="id8"/><target ref="id8"/><label kind="synchronisation" x="104" y="-208">b?</label><nail x="104" y="-200"/><nail x="120" y="-168"/></transition><transition><source ref="id9"/><target ref="id9"/><label kind="synchronisation" x="-244" y="-159">b?</label><nail x="-232" y="-136"/><nail x="-216" y="-88"/></transition><transition><source ref="id8"/><target ref="id8"/><label kind="synchronisation" x="56" y="-208">a?</label><nail x="40" y="-192"/><nail x="88" y="-184"/></transition><transition><source ref="id9"/><target ref="id9"/><label kind="synchronisation" x="-240" y="-192">a?</label><nail x="-232" y="-176"/><nail x="-160" y="-192"/></transition><transition><source ref="id9"/><target ref="id8"/><label kind="synchronisation" x="-96" y="-160">c?</label><label kind="assignment" x="-56" y="-160">x=0</label></transition></template><template><name x="5" y="5">Run</name><location id="id11" x="-440" y="-104"></location><location id="id12" x="-616" y="-104"><name x="-626" y="-134">L0</name></location><init ref="id12"/><transition><source ref="id12"/><target ref="id11"/><label kind="guard" x="-588" y="-138">y&gt;=3</label><label kind="synchronisation" x="-588" y="-123">a!</label><label kind="assignment" x="-588" y="-108">y=0</label></transition></template><system>// Place template instantiations here.
Process1 = Property();

Process2 = Run();

// List one or more processes to be composed into a system.
system Process1, Process2;</system></nta>