<?xml version="1.0" encoding="utf-8"?><!DOCTYPE nta PUBLIC '-//Uppaal Team//DTD Flat System 1.1//EN' 'http://www.it.uu.se/research/group/darts/uppaal/flat-1_1.dtd'><nta><declaration>// Place global declarations here.

clock x;
clock y;

chan a;
chan b;
chan c;
</declaration><template><name x="5" y="5">Property</name><declaration>// Place local declarations here.
</declaration><location id="id0" x="-336" y="-16"><name x="-346" y="-46">S3</name></location><location id="id1" x="-216" y="-152"><name x="-226" y="-182">S2</name></location><location id="id2" x="-440" y="-152"><name x="-450" y="-182">S1</name></location><init ref="id2"/><transition><source ref="id0"/><target ref="id0"/><label kind="synchronisation" x="-288" y="8">c?</label><nail x="-272" y="0"/><nail x="-304" y="16"/></transition><transition><source ref="id1"/><target ref="id1"/><label kind="synchronisation" x="-168" y="-160">a?</label><label kind="assignment" x="-160" y="-136">x=0</label><nail x="-168" y="-152"/><nail x="-176" y="-112"/></transition><transition><source ref="id1"/><target ref="id1"/><label kind="synchronisation" x="-200" y="-200">c?</label><nail x="-216" y="-200"/><nail x="-184" y="-176"/></transition><transition><source ref="id0"/><target ref="id0"/><label kind="synchronisation" x="-344" y="32">b?</label><nail x="-344" y="32"/><nail x="-320" y="24"/></transition><transition><source ref="id0"/><target ref="id0"/><label kind="synchronisation" x="-400" y="0">a?</label><nail x="-384" y="-16"/><nail x="-376" y="8"/></transition><transition><source ref="id1"/><target ref="id0"/><label kind="guard" x="-208" y="-88">x&lt;=10</label><label kind="synchronisation" x="-208" y="-64">b?</label><nail x="-216" y="-16"/></transition><transition><source ref="id1"/><target ref="id2"/><label kind="guard" x="-328" y="-104">x&gt;10</label><label kind="synchronisation" x="-312" y="-128">b?</label><nail x="-280" y="-104"/></transition><transition><source ref="id2"/><target ref="id0"/><label kind="synchronisation" x="-400" y="-80">b?</label></transition><transition><source ref="id2"/><target ref="id1"/><label kind="synchronisation" x="-360" y="-184">a?</label><label kind="assignment" x="-336" y="-184">x=0</label></transition><transition><source ref="id2"/><target ref="id2"/><label kind="synchronisation" x="-500" y="-167">c?</label><nail x="-480" y="-136"/><nail x="-456" y="-112"/></transition></template><template><name>Run</name><location id="id3" x="-32" y="-32"><name x="-42" y="-62">L1</name></location><location id="id4" x="-208" y="-32"><name x="-218" y="-62">L0</name></location><init ref="id4"/><transition><source ref="id4"/><target ref="id3"/><label kind="guard" x="-128" y="-64">y&gt;=2</label><label kind="synchronisation" x="-112" y="-48">a!</label><label kind="assignment" x="-128" y="-32">y=0</label></transition></template><system>// Place template instantiations here.
Process1 = Property();

Process2 = Run();

// List one or more processes to be composed into a system.
system Process1, Process2;</system></nta>