<?xml version="1.0" encoding="utf-8"?><!DOCTYPE nta PUBLIC '-//Uppaal Team//DTD Flat System 1.1//EN' 'http://www.it.uu.se/research/group/darts/uppaal/flat-1_1.dtd'><nta><declaration>// Place global declarations here.

clock x;
clock y;

chan a;
chan b;
chan c;
</declaration><template><name x="5" y="5">Property</name><declaration>// Place local declarations here.
</declaration><location id="id0" x="-248" y="-144"><name x="-258" y="-174">S29</name></location><location id="id1" x="-80" y="-144"><name x="-90" y="-174">S28</name></location><location id="id2" x="96" y="-152"><name x="86" y="-182">S27</name></location><location id="id3" x="232" y="-144"><name x="222" y="-174">S26</name></location><location id="id4" x="240" y="-288"><name x="230" y="-318">S25</name></location><location id="id5" x="112" y="-296"><name x="102" y="-326">S24</name></location><location id="id6" x="-48" y="-288"><name x="-58" y="-318">S23</name></location><location id="id7" x="-224" y="-288"><name x="-234" y="-318">S22</name></location><location id="id8" x="-424" y="-288"><name x="-434" y="-318">S21</name></location><location id="id9" x="-848" y="-128"><name x="-858" y="-158">S3</name></location><location id="id10" x="-624" y="-288"><name x="-634" y="-318">S2</name></location><location id="id11" x="-848" y="-288"><name x="-858" y="-318">S1</name></location><init ref="id11"/><transition><source ref="id1"/><target ref="id9"/><label kind="synchronisation" x="-440" y="-56">b?</label><nail x="-520" y="-16"/></transition><transition><source ref="id2"/><target ref="id9"/><label kind="synchronisation" x="-360" y="-24">b?</label><nail x="-492" y="43"/></transition><transition><source ref="id3"/><target ref="id9"/><label kind="synchronisation" x="-368" y="-151">b?</label><nail x="-488" y="88"/></transition><transition><source ref="id4"/><target ref="id9"/><label kind="synchronisation" x="-56" y="-240">b?</label><nail x="-264" y="-184"/></transition><transition><source ref="id5"/><target ref="id9"/><label kind="synchronisation" x="-428" y="-227">b?</label><nail x="-464" y="-160"/></transition><transition><source ref="id6"/><target ref="id9"/><label kind="synchronisation" x="-304" y="-256">b?</label><nail x="-380" y="-209"/></transition><transition><source ref="id7"/><target ref="id9"/><label kind="synchronisation" x="-448" y="-248">b?</label><nail x="-744" y="-144"/></transition><transition><source ref="id8"/><target ref="id9"/><label kind="synchronisation" x="-648" y="-208">b?</label></transition><transition><source ref="id10"/><target ref="id9"/><label kind="synchronisation" x="-796" y="-223">b?</label></transition><transition><source ref="id0"/><target ref="id0"/><label kind="synchronisation" x="-272" y="-112">c?</label><nail x="-288" y="-104"/><nail x="-232" y="-112"/></transition><transition><source ref="id1"/><target ref="id1"/><label kind="synchronisation" x="-104" y="-112">c?</label><nail x="-104" y="-112"/><nail x="-64" y="-104"/></transition><transition><source ref="id2"/><target ref="id2"/><label kind="synchronisation" x="88" y="-112">c?</label><nail x="72" y="-104"/><nail x="104" y="-112"/></transition><transition><source ref="id3"/><target ref="id3"/><label kind="synchronisation" x="232" y="-88">c?</label><nail x="224" y="-96"/><nail x="256" y="-104"/></transition><transition><source ref="id4"/><target ref="id4"/><label kind="synchronisation" x="216" y="-344">c?</label><nail x="200" y="-320"/><nail x="248" y="-328"/></transition><transition><source ref="id5"/><target ref="id5"/><label kind="synchronisation" x="96" y="-344">c?</label><nail x="88" y="-312"/><nail x="120" y="-328"/></transition><transition><source ref="id6"/><target ref="id6"/><label kind="synchronisation" x="-72" y="-328">c?</label><nail x="-80" y="-320"/><nail x="-48" y="-320"/></transition><transition><source ref="id7"/><target ref="id7"/><label kind="synchronisation" x="-248" y="-336">c?</label><nail x="-256" y="-320"/><nail x="-216" y="-320"/></transition><transition><source ref="id8"/><target ref="id8"/><label kind="synchronisation" x="-448" y="-344">c?</label><nail x="-456" y="-320"/><nail x="-416" y="-328"/></transition><transition><source ref="id0"/><target ref="id9"/><label kind="guard" x="-544" y="-136">x&lt;10</label><label kind="synchronisation" x="-576" y="-136">b?</label></transition><transition><source ref="id0"/><target ref="id11"/><label kind="guard" x="-640" y="-256">x&gt;=10</label><label kind="synchronisation" x="-648" y="-240">b?</label><nail x="-280" y="-160"/></transition><transition><source ref="id1"/><target ref="id0"/><label kind="synchronisation" x="-224" y="-159">a?</label><label kind="assignment" x="-224" y="-144">x=0</label></transition><transition><source ref="id2"/><target ref="id1"/><label kind="synchronisation" x="-52" y="-163">a?</label></transition><transition><source ref="id3"/><target ref="id2"/><label kind="synchronisation" x="160" y="-176">a?</label></transition><transition><source ref="id4"/><target ref="id3"/><label kind="synchronisation" x="248" y="-224">a?</label></transition><transition><source ref="id5"/><target ref="id4"/><label kind="synchronisation" x="168" y="-304">a?</label></transition><transition><source ref="id6"/><target ref="id5"/><label kind="synchronisation" x="-28" y="-307">a?</label></transition><transition><source ref="id7"/><target ref="id6"/><label kind="synchronisation" x="-196" y="-303">a?</label></transition><transition><source ref="id8"/><target ref="id7"/><label kind="synchronisation" x="-384" y="-303">a?</label></transition><transition><source ref="id10"/><target ref="id8"/><label kind="synchronisation" x="-584" y="-303">a?</label></transition><transition><source ref="id9"/><target ref="id9"/><label kind="synchronisation" x="-800" y="-104">c?</label><nail x="-784" y="-112"/><nail x="-816" y="-96"/></transition><transition><source ref="id10"/><target ref="id10"/><label kind="synchronisation" x="-648" y="-352">c?</label><nail x="-624" y="-336"/><nail x="-648" y="-336"/></transition><transition><source ref="id9"/><target ref="id9"/><label kind="synchronisation" x="-856" y="-80">b?</label><nail x="-856" y="-80"/><nail x="-832" y="-88"/></transition><transition><source ref="id9"/><target ref="id9"/><label kind="synchronisation" x="-912" y="-112">a?</label><nail x="-896" y="-128"/><nail x="-888" y="-104"/></transition><transition><source ref="id11"/><target ref="id9"/><label kind="synchronisation" x="-880" y="-208">b?</label></transition><transition><source ref="id11"/><target ref="id10"/><label kind="synchronisation" x="-768" y="-320">a?</label></transition><transition><source ref="id11"/><target ref="id11"/><label kind="synchronisation" x="-908" y="-303">c?</label><nail x="-888" y="-272"/><nail x="-864" y="-248"/></transition></template><template><name>Run</name><location id="id12" x="-32" y="-32"><name x="-42" y="-62">L1</name></location><location id="id13" x="-208" y="-32"><name x="-218" y="-62">L0</name></location><init ref="id13"/><transition><source ref="id13"/><target ref="id12"/><label kind="guard" x="-128" y="-64">y&gt;=2</label><label kind="synchronisation" x="-112" y="-48">a!</label><label kind="assignment" x="-128" y="-32">y=0</label></transition></template><system>// Place template instantiations here.
Process1 = Property();

Process2 = Run();

// List one or more processes to be composed into a system.
system Process1, Process2;</system></nta>