<?xml version="1.0" encoding="utf-8"?><!DOCTYPE nta PUBLIC '-//Uppaal Team//DTD Flat System 1.1//EN' 'http://www.it.uu.se/research/group/darts/uppaal/flat-1_1.dtd'><nta><declaration>// Place global declarations here.

clock x;
clock y;

chan a;
chan r;
chan c;

</declaration><template><name x="5" y="5">Property</name><declaration>// Place local declarations here.
</declaration><location id="id0" x="72" y="-144"><name x="64" y="-152">S2</name></location><location id="id1" x="-184" y="-144"><name x="-192" y="-152">S1</name></location><location id="id2" x="72" y="48"><name x="64" y="40">S3</name></location><init ref="id1"/><transition><source ref="id2"/><target ref="id2"/><label kind="synchronisation" x="120" y="48">r?</label><nail x="120" y="40"/><nail x="112" y="64"/></transition><transition><source ref="id0"/><target ref="id0"/><label kind="guard" x="128" y="-112">x&gt;=5</label><label kind="synchronisation" x="104" y="-112">r?</label><label kind="assignment" x="128" y="-96">x=0</label><nail x="136" y="-120"/><nail x="104" y="-104"/></transition><transition><source ref="id2"/><target ref="id2"/><label kind="synchronisation" x="56" y="72">a?</label><nail x="48" y="80"/><nail x="88" y="80"/></transition><transition><source ref="id0"/><target ref="id0"/><label kind="synchronisation" x="56" y="-208">a?</label><nail x="40" y="-184"/><nail x="88" y="-184"/></transition><transition><source ref="id1"/><target ref="id1"/><label kind="synchronisation" x="-240" y="-192">a?</label><nail x="-232" y="-176"/><nail x="-160" y="-192"/></transition><transition><source ref="id0"/><target ref="id2"/><label kind="guard" x="72" y="-64">x&lt;5</label><label kind="synchronisation" x="80" y="-48">r?</label></transition><transition><source ref="id1"/><target ref="id0"/><label kind="synchronisation" x="-112" y="-168">r?</label><label kind="assignment" x="-72" y="-168">x=0</label></transition></template><template><name x="5" y="5">Run</name><location id="id3" x="-432" y="-104"></location><location id="id4" x="-616" y="-104"><name x="-626" y="-134">L0</name></location><init ref="id4"/><transition><source ref="id4"/><target ref="id3"/><label kind="guard" x="-588" y="-138">y&gt;=3</label><label kind="synchronisation" x="-588" y="-123">a!</label><label kind="assignment" x="-588" y="-108">y=0</label></transition></template><system>// Place template instantiations here.
Process1 = Property();

Process2 = Run();

// List one or more processes to be composed into a system.
system Process1, Process2;</system></nta>